,Breusch-Pagan p-value,Shapiro-Wilk p-value,Durbin-Watson p-value
0,4.813604752553038e-136,2.1565983365958935e-42,0.4795029843849561
