,Breusch-Pagan p-value,Shapiro-Wilk p-value,Durbin-Watson p-value
0,0.8124055839515254,0.4639101028442383,0.000982909721025806
