,Breusch-Pagan p-value,Shapiro-Wilk p-value,Durbin-Watson p-value
0,2.1442813711628186e-85,1.2597673194280105e-42,0.8193112452455128
