,Breusch-Pagan p-value,Shapiro-Wilk p-value,Durbin-Watson p-value
0,0.2836064233333615,1.390645252286049e-07,0.0008619699300208426
