,Breusch-Pagan p-value,Shapiro-Wilk p-value,Durbin-Watson p-value
0,0.4454555753748035,7.972316268683e-39,0.0703935285382175
