,Breusch-Pagan p-value,Shapiro-Wilk p-value,Durbin-Watson p-value
0,0.0002649111784330554,1.9865302080990083e-35,0.289641885935253
