,Breusch-Pagan p-value,Shapiro-Wilk p-value,Durbin-Watson p-value
0,0.0796582077592589,0.047005925327539444,0.002969746734477262
