,Breusch-Pagan p-value,Shapiro-Wilk p-value,Durbin-Watson p-value
0,3.793745309392599e-35,0.1705855429172516,0.0030400740164898627
