,Breusch-Pagan p-value,Shapiro-Wilk p-value,Durbin-Watson p-value
0,5.169754245289962e-06,1.5220090183751207e-18,0.0013484487410784847
