,Breusch-Pagan p-value,Shapiro-Wilk p-value,Durbin-Watson p-value
0,0.6001190159957617,0.3930644690990448,0.0010006270750869215
