,Breusch-Pagan p-value,Shapiro-Wilk p-value,Durbin-Watson p-value
0,0.41054250403404113,0.5263844132423401,0.0009987825505607827
