,Breusch-Pagan p-value,Shapiro-Wilk p-value,Durbin-Watson p-value
0,1.6576775574266613e-09,6.407059605084697e-11,0.0008050444085074866
