,Breusch-Pagan p-value,Shapiro-Wilk p-value,Durbin-Watson p-value
0,6.748962953461481e-101,1.2018504494534098e-34,0.2555626533430138
