,Breusch-Pagan p-value,Shapiro-Wilk p-value,Durbin-Watson p-value
0,5.985071475729574e-23,3.161812129542339e-29,0.2710544928856789
