,Breusch-Pagan p-value,Shapiro-Wilk p-value,Durbin-Watson p-value
0,2.7054878372289765e-222,4.157652543651732e-42,4.5236917282582626e-05
