,Breusch-Pagan p-value,Shapiro-Wilk p-value,Durbin-Watson p-value
0,9.922381688662075e-96,1.3058142060685727e-28,0.5676907890926647
