,Breusch-Pagan p-value,Shapiro-Wilk p-value,Durbin-Watson p-value
0,2.290747054671597e-25,0.41332730650901794,0.0030879293133077076
